City_ID,City,Lat,Lng,Max Temp,Humidity,Cloudiness,Wind Speed,Country,Date
0,nuuk,64.1835,-51.7216,9.34,76,40,4.63,GL,2024-08-26 19:50:04
1,isafjordur,66.0755,-23.124,11.02,62,0,0.51,IS,2024-08-26 19:50:06
2,east london,-33.0153,27.9116,18.86,70,4,2.13,ZA,2024-08-26 19:40:19
3,bredasdorp,-34.5322,20.0403,12.35,90,100,5.41,ZA,2024-08-26 19:50:09
4,adamstown,-25.066,-130.1015,18.65,73,100,7.81,PN,2024-08-26 19:50:10
5,kingston,17.997,-76.7936,33.53,62,20,9.77,JM,2024-08-26 19:50:11
6,nemuro,43.3236,145.575,18.67,100,100,5.71,JP,2024-08-26 19:43:40
7,susuman,62.7833,148.1667,11.76,94,100,0.68,RU,2024-08-26 19:47:30
8,mata-utu,-13.2816,-176.1745,25.82,76,100,4.85,WF,2024-08-26 19:49:34
9,harstad,68.799,16.5293,11.2,93,73,14.75,NO,2024-08-26 19:50:18
10,sainte-rose,16.3324,-61.6979,31.02,62,40,4.63,GP,2024-08-26 19:50:19
11,olonkinbyen,70.9221,-8.7187,2.7,95,100,13.07,SJ,2024-08-26 19:50:21
12,georgetown,5.4112,100.3354,25.97,78,20,0.0,MY,2024-08-26 19:39:30
13,grytviken,-54.2811,-36.5092,1.76,83,64,3.62,GS,2024-08-26 19:50:24
14,lerwick,60.1545,-1.1494,11.31,90,19,4.09,GB,2024-08-26 19:50:25
15,yellowknife,62.456,-114.3525,19.12,58,100,8.23,CA,2024-08-26 19:50:27
16,rongelap,11.1635,166.8941,28.48,78,100,9.56,MH,2024-08-26 19:41:00
17,iqaluit,63.7506,-68.5145,8.85,87,75,2.57,CA,2024-08-26 19:50:30
18,hadibu,12.65,54.0333,26.59,79,100,7.7,YE,2024-08-26 19:43:22
19,huarmey,-10.0681,-78.1522,20.26,76,96,4.8,PE,2024-08-26 19:49:37
20,stanley,54.868,-1.6985,15.01,79,75,3.09,GB,2024-08-26 19:50:34
21,qaqortoq,60.7167,-46.0333,7.24,77,3,2.05,GL,2024-08-26 19:50:35
22,bondo,3.8146,23.6866,23.49,82,100,1.11,CD,2024-08-26 19:50:37
23,klyuchi,52.2667,79.1667,14.21,73,97,2.79,RU,2024-08-26 19:50:38
24,hermanus,-34.4187,19.2345,14.33,86,100,8.69,ZA,2024-08-26 19:42:54
25,waitangi,-43.9535,-176.5597,8.79,97,100,3.58,NZ,2024-08-26 19:50:41
26,port mathurin,-19.6833,63.4167,20.96,59,19,12.58,MU,2024-08-26 19:50:42
27,udachny,66.4167,112.4,10.12,69,100,1.49,RU,2024-08-26 19:50:44
28,happy valley-goose bay,53.3168,-60.3315,28.17,42,75,2.57,CA,2024-08-26 19:50:45
29,coruripe,-10.1256,-36.1756,23.8,70,50,3.34,BR,2024-08-26 19:39:45
30,port alberni,49.2413,-124.8028,16.07,90,100,0.89,CA,2024-08-26 19:50:48
31,new norfolk,-42.7826,147.0587,15.51,68,99,4.87,AU,2024-08-26 19:50:50
32,touros,-5.1989,-35.4608,25.23,73,98,7.61,BR,2024-08-26 19:50:51
33,west island,-12.1568,96.8225,25.99,89,20,7.2,CC,2024-08-26 19:50:53
34,okha,53.5739,142.9478,12.89,95,94,4.55,RU,2024-08-26 19:50:54
35,puerto natales,-51.7236,-72.4875,8.25,66,40,12.35,CL,2024-08-26 19:50:56
36,tiksi,71.6872,128.8694,1.36,81,100,2.96,RU,2024-08-26 19:50:58
37,nar'yan-mar,67.6713,53.087,11.92,93,0,2.95,RU,2024-08-26 19:50:59
38,dali,25.7,100.1833,17.27,87,100,0.77,CN,2024-08-26 19:51:01
39,tazacorte,28.629,-17.9293,25.08,85,40,6.69,ES,2024-08-26 19:51:02
40,ingeniero guillermo n. juarez,-23.9,-61.85,23.77,21,0,5.15,AR,2024-08-26 19:51:04
41,turkmenbasy,40.0222,52.9552,27.43,36,0,0.0,TM,2024-08-26 19:51:05
42,saipan,15.1355,145.701,27.39,83,20,3.6,MP,2024-08-26 19:51:06
43,aykhal,66.0,111.5,9.59,70,100,1.76,RU,2024-08-26 19:51:08
44,bardstown,37.8092,-85.4669,34.52,45,0,1.54,US,2024-08-26 19:51:09
45,edinburgh of the seven seas,-37.0676,-12.3116,9.71,63,47,9.79,SH,2024-08-26 19:51:11
46,kalmunai,7.4167,81.8167,27.9,70,100,2.37,LK,2024-08-26 19:51:12
47,la'ie,21.6477,-157.9253,27.98,79,100,3.13,US,2024-08-26 19:51:14
48,leninskoye,41.7589,69.3864,19.32,24,1,1.28,KZ,2024-08-26 19:51:15
49,port-aux-francais,-49.35,70.2167,2.85,73,2,12.35,TF,2024-08-26 19:51:17
50,juuka,63.2333,29.25,13.58,60,0,4.89,FI,2024-08-26 19:51:18
51,strathalbyn,-35.2667,138.9,12.7,83,100,4.28,AU,2024-08-26 19:51:20
52,silapathar,26.206,93.8095,24.49,92,6,1.46,IN,2024-08-26 19:51:21
53,kodiak,57.79,-152.4072,9.73,76,100,0.0,US,2024-08-26 19:51:23
54,tadine,-21.55,167.8833,21.75,71,96,5.12,NC,2024-08-26 19:41:51
55,bethel,41.3712,-73.414,29.47,55,20,2.57,US,2024-08-26 19:48:42
56,iskateley,67.6803,53.1512,11.89,93,0,2.94,RU,2024-08-26 19:45:58
57,hirara,24.8,125.2833,27.92,94,40,3.6,JP,2024-08-26 19:51:29
58,blackmans bay,-43.0167,147.3167,14.85,70,100,1.34,AU,2024-08-26 19:51:30
59,mount gambier,-37.8333,140.7667,11.51,79,100,5.9,AU,2024-08-26 19:44:52
60,nanao,37.05,136.9667,25.09,84,100,0.61,JP,2024-08-26 19:51:33
61,talas,38.6908,35.5538,18.37,59,0,0.51,TR,2024-08-26 19:51:35
62,flying fish cove,-10.4217,105.6791,24.82,83,75,5.66,CX,2024-08-26 19:44:51
63,zephyrhills south,28.2149,-82.1887,34.52,61,71,0.45,US,2024-08-26 19:51:37
64,hawaiian paradise park,19.5933,-154.9731,24.85,89,100,2.57,US,2024-08-26 19:51:39
65,fairbanks,64.8378,-147.7164,12.83,78,20,2.57,US,2024-08-26 19:51:40
66,callao,-12.0667,-77.15,18.16,77,75,7.2,PE,2024-08-26 19:51:42
67,paka,4.6374,103.4368,24.99,88,100,1.03,MY,2024-08-26 19:51:43
68,zhirnovsk,50.9845,44.7735,20.1,56,0,3.22,RU,2024-08-26 19:51:44
69,zhangye,38.9342,100.4517,21.98,38,1,2.17,CN,2024-08-26 19:51:46
70,loikaw,19.6742,97.2094,20.17,96,100,1.23,MM,2024-08-26 19:51:47
71,invercargill,-46.4,168.35,6.68,86,91,1.79,NZ,2024-08-26 19:50:43
72,ribeira grande,38.5167,-28.7,26.22,89,40,5.66,PT,2024-08-26 19:51:50
73,remire-montjoly,4.9167,-52.2667,32.02,58,0,2.57,GF,2024-08-26 19:46:25
74,anna regina,7.2644,-58.5077,30.02,63,59,4.8,GY,2024-08-26 19:51:53
75,kapuskasing,49.4169,-82.4331,31.05,55,75,5.14,CA,2024-08-26 19:48:02
76,grand falls-windsor,48.9332,-55.6649,28.61,50,100,1.34,CA,2024-08-26 19:51:56
77,khorixas,-20.3667,14.9667,20.68,24,0,2.07,NA,2024-08-26 19:51:57
78,arkalyk,50.2486,66.9114,16.26,46,97,3.58,KZ,2024-08-26 19:51:59
79,sosnovo-ozerskoye,52.5249,111.5418,12.02,78,54,1.24,RU,2024-08-26 19:52:00
80,wailua homesteads,22.0669,-159.378,25.44,79,100,9.26,US,2024-08-26 19:52:02
81,ketchikan,55.3422,-131.6461,14.63,74,17,1.08,US,2024-08-26 19:48:56
82,codrington,-38.2667,141.9667,11.66,78,100,9.18,AU,2024-08-26 19:44:18
83,lihue,21.9789,-159.3672,25.77,75,100,9.26,US,2024-08-26 19:52:06
84,lompoc,34.6391,-120.4579,28.23,47,0,5.14,US,2024-08-26 19:52:08
85,colonia menno,-22.3667,-59.8167,23.4,17,0,4.41,PY,2024-08-26 19:52:10
86,villa berthet,-27.2917,-60.4126,20.19,24,0,4.04,AR,2024-08-26 19:52:11
87,whitehorse,60.7161,-135.0538,11.56,62,75,2.06,CA,2024-08-26 19:52:13
88,afaahiti,-17.75,-149.2833,21.87,65,100,10.13,PF,2024-08-26 19:52:14
89,punta arenas,-53.15,-70.9167,5.06,87,100,8.75,CL,2024-08-26 19:48:26
90,betio village,1.358,172.9211,28.02,67,99,7.77,KI,2024-08-26 19:52:17
91,tianpeng,30.9866,103.9393,25.62,74,10,2.69,CN,2024-08-26 19:52:19
92,longyearbyen,78.2186,15.6401,7.91,87,75,1.03,SJ,2024-08-26 19:52:20
93,sao raimundo das mangabeiras,-7.0219,-45.4811,37.22,17,28,2.03,BR,2024-08-26 19:52:22
94,brinkmann,-30.8659,-62.0374,20.55,28,6,4.01,AR,2024-08-26 19:52:23
95,tazovsky,67.4667,78.7,12.09,90,94,3.09,RU,2024-08-26 19:47:43
96,lebedyn,50.5852,34.4849,23.66,36,0,4.12,UA,2024-08-26 19:52:26
97,sao geraldo do araguaia,-6.4006,-48.555,39.13,16,20,1.84,BR,2024-08-26 19:50:10
98,undurkhaan,47.3194,110.6556,17.37,53,40,3.14,MN,2024-08-26 19:52:30
99,zabol,32.25,67.25,23.3,19,0,2.27,AF,2024-08-26 19:52:31
100,bilisht,40.6275,20.99,15.84,74,3,1.73,AL,2024-08-26 19:52:32
101,avarua,-21.2078,-159.775,23.03,64,100,11.32,CK,2024-08-26 19:52:34
102,atafu village,-8.5421,-172.5159,28.17,74,14,4.86,TK,2024-08-26 19:52:35
103,tepatitlan de morelos,20.8167,-102.7333,28.09,36,43,3.06,MX,2024-08-26 19:52:36
104,labytnangi,66.6572,66.4183,12.45,84,17,2.15,RU,2024-08-26 19:52:38
105,jamestown,42.097,-79.2353,29.45,45,75,2.06,US,2024-08-26 19:52:39
106,port lincoln,-34.7333,135.8667,13.3,68,100,8.22,AU,2024-08-26 19:52:41
107,geraldton,-28.7667,114.6,17.23,72,40,5.66,AU,2024-08-26 19:41:10
108,sitia,35.2,26.0986,25.54,79,0,4.78,GR,2024-08-26 19:52:44
109,aioun,16.6614,-9.6149,36.53,33,90,2.43,MR,2024-08-26 19:52:45
110,naze,28.3667,129.4833,27.51,88,100,11.81,JP,2024-08-26 19:52:47
111,alofi,-19.0595,-169.9187,23.94,88,75,3.09,NU,2024-08-26 19:45:54
112,garissa,-0.4536,39.6401,25.79,68,70,8.99,KE,2024-08-26 19:52:50
113,ushuaia,-54.8,-68.3,7.81,76,40,1.54,AR,2024-08-26 19:52:02
114,ilulissat,69.2167,-51.1,6.01,87,75,2.57,GL,2024-08-26 19:52:53
115,lorengau,-2.0226,147.2712,26.45,84,100,3.08,PG,2024-08-26 19:44:40
116,vilyuysk,63.7553,121.6247,10.15,79,100,1.76,RU,2024-08-26 19:52:56
117,holualoa,19.6228,-155.9522,26.97,89,0,5.14,US,2024-08-26 19:52:51
118,peace river,56.2501,-117.286,20.17,59,100,3.09,CA,2024-08-26 19:44:07
119,kirovo-chepetsk,58.5539,50.0399,15.17,71,57,1.62,RU,2024-08-26 19:53:00
120,tomatlan,19.9333,-105.25,33.58,60,11,3.95,MX,2024-08-26 19:53:01
121,punxsutawney,40.9437,-78.9709,27.45,73,0,0.45,US,2024-08-26 19:53:03
122,arraial do cabo,-22.9661,-42.0278,16.92,82,100,4.63,BR,2024-08-26 19:53:04
123,vadso,70.0744,29.7487,15.09,67,40,5.14,NO,2024-08-26 19:53:06
124,trashi yangtse,27.6116,91.498,17.12,89,9,2.39,BT,2024-08-26 19:53:07
125,kostomuksha,64.571,30.5767,13.91,56,50,5.26,RU,2024-08-26 19:48:54
126,makinsk,52.6292,70.4169,10.59,85,55,2.23,KZ,2024-08-26 19:53:10
127,meadow lake,34.8014,-106.5436,29.92,37,100,4.89,US,2024-08-26 19:53:11
128,coahuayana de hidalgo,18.7,-103.6583,31.88,66,97,3.32,MX,2024-08-26 19:43:37
129,bengkulu,-3.8004,102.2655,24.1,94,100,2.89,ID,2024-08-26 19:53:14
130,san antonio de pale,-1.4014,5.6325,24.17,88,80,6.58,GQ,2024-08-26 19:47:47
131,antalaha,-14.9003,50.2788,20.22,85,57,3.66,MG,2024-08-26 19:53:17
132,college,64.8569,-147.8028,12.82,77,75,2.57,US,2024-08-26 19:53:18
133,colonia,50.9333,6.95,19.98,67,15,0.55,DE,2024-08-26 19:45:08
134,tralee,52.2704,-9.7026,15.93,98,100,3.24,IE,2024-08-26 19:53:21
135,el granada,37.5027,-122.4694,27.22,68,20,3.6,US,2024-08-26 19:52:07
136,basco,20.4487,121.9702,29.29,74,100,6.23,PH,2024-08-26 19:53:24
137,tual,-5.6667,132.75,25.65,85,52,8.04,ID,2024-08-26 19:44:53
138,filadelfia,39.9523,-75.1638,32.16,52,40,4.12,US,2024-08-26 19:50:04
139,sidi bouzid,35.0382,9.4849,27.19,52,0,4.11,TN,2024-08-26 19:53:28
140,yeppoon,-23.1333,150.7333,18.88,86,91,1.25,AU,2024-08-26 19:53:30
141,vila do maio,15.1333,-23.2167,26.76,70,91,1.27,CV,2024-08-26 19:53:31
142,berezovyy,51.6667,135.7,14.94,99,100,0.55,RU,2024-08-26 19:53:32
143,terbanggi besar,-4.8667,105.2333,23.49,90,71,2.93,ID,2024-08-26 19:53:34
144,al ghayzah,16.2079,52.176,26.21,82,67,2.94,YE,2024-08-26 19:53:35
145,puerto real,36.5282,-6.1901,28.07,83,0,2.06,ES,2024-08-26 19:53:36
146,camabatela,-8.1881,15.375,21.34,24,79,0.77,AO,2024-08-26 19:53:38
147,ebon,4.582,168.6964,28.9,75,27,4.78,MH,2024-08-26 19:53:39
148,horta,38.5333,-28.6333,25.8,89,40,5.66,PT,2024-08-26 19:53:41
149,hami,42.8,93.45,27.9,33,34,4.02,CN,2024-08-26 19:53:42
150,broome,42.2506,-75.833,28.09,53,75,0.89,US,2024-08-26 19:53:44
151,ancud,-41.8697,-73.8203,8.67,59,58,3.98,CL,2024-08-26 19:53:45
152,luderitz,-26.6481,15.1594,13.71,77,0,5.36,NA,2024-08-26 19:53:46
153,petropavlovsk-kamchatsky,53.0452,158.6483,8.33,76,0,4.0,RU,2024-08-26 19:53:48
154,bodo,67.28,14.405,11.02,86,75,8.75,NO,2024-08-26 19:53:49
155,carnarvon,-24.8667,113.6333,18.56,77,27,6.17,AU,2024-08-26 19:53:51
156,china,25.7,-99.2333,35.83,30,5,3.02,MX,2024-08-26 19:53:52
157,usinsk,65.9939,57.5281,14.45,68,100,3.74,RU,2024-08-26 19:53:53
158,laojunmiao,39.8333,97.7333,18.15,50,100,2.32,CN,2024-08-26 19:53:55
159,queenstown,-31.8976,26.8753,16.26,19,2,6.89,ZA,2024-08-26 19:50:17
160,albany,42.6001,-73.9662,27.04,63,17,0.45,US,2024-08-26 19:52:47
161,minas de marcona,-15.2119,-75.1103,17.96,47,41,7.63,PE,2024-08-26 19:53:59
162,saldanha,-33.0117,17.9442,14.03,91,41,5.32,ZA,2024-08-26 19:54:00
163,calama,-22.4667,-68.9333,22.27,5,0,10.29,CL,2024-08-26 19:44:07
164,angaur state,6.906,134.13,28.6,73,14,1.38,PW,2024-08-26 19:54:03
165,endicott,42.0984,-76.0494,28.41,59,75,0.45,US,2024-08-26 19:50:26
166,sur,22.5667,59.5289,31.51,56,100,3.57,OM,2024-08-26 19:54:06
167,xinqing,48.2333,129.5,13.81,98,99,1.29,CN,2024-08-26 19:54:08
168,castillos,-34.1667,-53.8333,12.17,70,38,2.75,UY,2024-08-26 19:54:09
169,lethem,3.3803,-59.7968,32.3,53,77,2.04,GY,2024-08-26 19:54:10
170,arteche,12.2645,125.4048,24.87,95,91,2.51,PH,2024-08-26 19:54:12
171,brookings,44.3114,-96.7984,30.14,78,75,4.63,US,2024-08-26 19:52:13
172,namibe,-15.1961,12.1522,17.73,86,45,1.68,AO,2024-08-26 19:54:15
173,thompson,55.7435,-97.8558,15.09,55,75,5.66,CA,2024-08-26 19:54:17
174,keflavik,64.0049,-22.5624,9.24,76,75,5.66,IS,2024-08-26 19:54:18
175,pangai,-19.8,-174.35,23.06,88,40,3.09,TO,2024-08-26 19:54:20
176,aguadilla,18.4275,-67.1541,29.0,86,51,3.58,PR,2024-08-26 19:54:22
177,mancio lima,-7.6142,-72.8958,25.04,50,20,3.6,BR,2024-08-26 19:54:23
178,ciudad del carmen,18.6333,-91.8333,30.03,67,30,4.05,MX,2024-08-26 19:54:25
179,vallenar,-28.5708,-70.7581,24.58,22,1,2.7,CL,2024-08-26 19:54:26
180,port elizabeth,-33.918,25.5701,17.4,76,0,2.57,ZA,2024-08-26 19:54:28
181,constantia,44.1833,28.65,22.61,70,0,5.04,RO,2024-08-26 19:54:29
182,guacimo,10.2104,-83.6807,28.41,85,98,1.45,CR,2024-08-26 19:54:31
183,mezhdurechenskiy,59.6,65.9333,12.47,76,0,1.09,RU,2024-08-26 19:54:33
184,papatowai,-46.5619,169.4708,5.87,94,90,3.33,NZ,2024-08-26 19:54:34
185,brush,40.2589,-103.6238,26.57,53,0,5.14,US,2024-08-26 19:50:07
186,nhamunda,-2.1861,-56.7131,39.73,15,10,2.97,BR,2024-08-26 19:54:37
187,trinity beach,-16.7888,145.6968,21.94,78,27,4.63,AU,2024-08-26 19:54:39
188,lebu,-37.6167,-73.65,11.5,73,7,4.19,CL,2024-08-26 19:54:40
189,yuzhno-kurilsk,44.0306,145.8556,18.59,100,100,3.23,RU,2024-08-26 19:54:42
190,juegang,32.3174,121.1855,25.84,89,100,3.4,CN,2024-08-26 19:54:43
191,toba,34.4833,136.85,27.28,86,100,6.19,JP,2024-08-26 19:54:44
192,haiku-pauwela,20.9219,-156.3051,26.81,81,40,9.26,US,2024-08-26 19:54:46
193,labrador city,52.9463,-66.9114,25.66,40,40,5.36,CA,2024-08-26 19:50:11
194,egilsstadir,65.2653,-14.3948,10.95,66,20,4.12,IS,2024-08-26 19:45:59
195,puerto ayora,-0.7393,-90.3518,20.86,90,70,3.13,EC,2024-08-26 19:54:50
196,puerto colombia,10.9878,-74.9547,25.05,72,100,2.55,CO,2024-08-26 19:54:51
197,boa vista,2.8197,-60.6733,30.99,51,75,4.63,BR,2024-08-26 19:53:18
198,anadyr,64.75,177.4833,4.28,86,40,6.0,RU,2024-08-26 19:54:54
199,buenaventura,3.8801,-77.0312,28.06,75,69,2.54,CO,2024-08-26 19:50:02
200,ingeniero jacobacci,-41.3427,-69.5448,8.11,44,49,10.12,AR,2024-08-26 19:54:57
201,sao desiderio,-12.3633,-44.9733,35.37,13,3,0.75,BR,2024-08-26 19:54:58
202,brades,16.7918,-62.2106,30.76,70,20,7.72,MS,2024-08-26 19:55:00
203,conde,-7.2597,-34.9075,27.7,57,20,7.72,BR,2024-08-26 19:53:45
204,vila velha,-20.3297,-40.2925,20.97,81,40,9.39,BR,2024-08-26 19:51:49
205,pangody,65.85,74.4859,12.99,84,16,2.4,RU,2024-08-26 19:55:04
206,mundri,-6.9558,111.71,23.57,69,100,2.91,ID,2024-08-26 19:55:06
207,alvaraes,-3.2208,-64.8042,29.93,25,26,1.71,BR,2024-08-26 19:55:07
208,santa terezinha,-29.9002,-50.0904,14.73,64,2,5.7,BR,2024-08-26 19:55:08
209,thunder bay,48.4001,-89.3168,28.99,74,75,2.57,CA,2024-08-26 19:43:56
210,ath thawrah,35.8469,38.5443,30.37,47,0,4.69,SY,2024-08-26 19:55:11
211,kete krachi,7.7939,-0.0498,25.24,90,100,2.85,GH,2024-08-26 19:55:12
212,la sarre,48.8002,-79.1996,29.19,35,100,5.05,CA,2024-08-26 19:55:14
213,sinop,41.7711,34.8709,17.19,89,59,1.67,TR,2024-08-26 19:48:39
214,mount isa,-20.7333,139.5,18.87,42,0,2.57,AU,2024-08-26 19:47:39
215,nizhniy ingash,56.2,96.53,13.15,74,27,4.1,RU,2024-08-26 19:55:18
216,gokak,16.1667,74.8333,22.53,89,100,5.8,IN,2024-08-26 19:55:19
217,talnakh,69.4865,88.3972,12.87,76,71,2.45,RU,2024-08-26 19:55:21
218,ad dabbah,18.05,30.95,35.04,39,77,3.59,SD,2024-08-26 19:55:22
219,greenville,35.6127,-77.3663,31.18,51,0,2.24,US,2024-08-26 19:52:49
220,balkanabat,39.5108,54.3671,31.56,15,2,7.73,TM,2024-08-26 19:55:25
221,margaret river,-33.95,115.0667,14.73,89,100,9.05,AU,2024-08-26 19:55:27
222,kerema,-7.9631,145.7785,24.67,88,100,3.01,PG,2024-08-26 19:55:29
223,kavieng,-2.5744,150.7967,27.28,78,82,6.07,PG,2024-08-26 19:55:30
224,mollendo,-17.0231,-72.0147,16.85,72,12,3.94,PE,2024-08-26 19:55:32
225,sinabang,2.4803,96.3801,24.03,93,100,2.19,ID,2024-08-26 19:49:40
226,ust-nera,64.5667,143.2,10.2,85,100,2.69,RU,2024-08-26 19:55:35
227,mejit,10.2753,170.8646,28.89,77,90,8.01,MH,2024-08-26 19:55:36
228,kasungu,-13.0333,33.4833,17.32,49,0,1.88,MW,2024-08-26 19:55:37
229,alo,6.5486,4.2686,24.06,93,100,2.87,NG,2024-08-26 19:47:44
230,floresville,29.1336,-98.1561,32.15,55,69,6.69,US,2024-08-26 19:55:40
231,millau,44.0833,2.9167,13.75,67,0,2.44,FR,2024-08-26 19:55:41
232,skelleftea,64.7507,20.9528,15.56,100,0,5.66,SE,2024-08-26 19:55:43
233,red wing,44.5625,-92.5338,34.94,66,0,3.09,US,2024-08-26 19:55:44
234,la curva,12.4048,121.0459,26.3,85,100,1.95,PH,2024-08-26 19:55:46
235,berdigestyakh,62.0989,126.6992,7.06,98,29,1.97,RU,2024-08-26 19:55:47
236,sitka,57.0531,-135.33,13.94,77,20,2.06,US,2024-08-26 19:55:48
237,mugia,43.1041,-9.2179,19.39,87,44,6.74,ES,2024-08-26 19:55:50
238,la passe,45.5549,-0.8967,18.15,62,54,4.8,FR,2024-08-26 19:55:51
239,kourou,5.1552,-52.6478,26.55,72,99,1.47,GF,2024-08-26 19:55:53
240,guercif,34.2257,-3.3536,27.48,56,9,6.49,MA,2024-08-26 19:55:54
241,vilyuchinsk,52.9306,158.4028,9.15,62,100,3.46,RU,2024-08-26 19:55:56
242,stratham station,43.0529,-70.8953,25.06,78,75,3.6,US,2024-08-26 19:55:57
243,weno,7.4515,151.8468,25.97,89,100,1.54,FM,2024-08-26 19:55:58
244,puerto aysen,-45.4,-72.7,5.86,95,98,2.55,CL,2024-08-26 19:56:00
245,kincardine,56.0667,-3.7167,15.15,91,100,3.06,GB,2024-08-26 19:56:01
246,alzamay,55.5562,98.6644,10.97,85,11,1.75,RU,2024-08-26 19:56:03
247,san luis de la loma,17.2706,-100.8939,30.97,70,75,3.47,MX,2024-08-26 19:56:04
248,kachkanar,58.7,59.4948,11.22,94,7,1.4,RU,2024-08-26 19:56:06
249,pyin oo lwin,22.0333,96.4667,19.0,97,100,0.4,MM,2024-08-26 19:56:07
250,tolanaro,-25.0319,46.9987,21.04,78,0,11.83,MG,2024-08-26 19:56:09
251,katabu,-4.9333,122.5167,22.98,93,98,1.76,ID,2024-08-26 19:56:10
252,port blair,11.6667,92.75,27.02,94,100,1.03,IN,2024-08-26 19:56:12
253,papao,-17.75,-149.55,24.82,66,100,11.38,PF,2024-08-26 19:56:14
254,cuiaba,-15.5961,-56.0967,25.96,24,0,4.63,BR,2024-08-26 19:52:17
255,port alfred,-33.5906,26.891,16.13,70,4,3.48,ZA,2024-08-26 19:56:16
256,cidreira,-30.1811,-50.2056,14.03,69,0,5.25,BR,2024-08-26 19:56:18
257,enewetak,11.3474,162.3373,28.91,79,14,8.71,MH,2024-08-26 19:56:20
258,yoro,15.1333,-87.1333,31.29,51,40,2.57,HN,2024-08-26 19:56:21
259,imbituba,-28.24,-48.6703,13.19,65,0,3.96,BR,2024-08-26 19:56:23
260,kiunga,-6.1219,141.2906,22.16,98,100,1.29,PG,2024-08-26 19:56:24
261,uturoa,-16.7333,-151.4333,23.87,70,100,10.54,PF,2024-08-26 19:56:26
262,hamilton,39.1834,-84.5333,35.11,43,20,2.57,US,2024-08-26 19:47:04
263,kayangel,8.0823,134.7173,28.68,73,29,2.06,PW,2024-08-26 19:56:29
264,yallahs,17.8748,-76.5624,33.85,62,3,5.47,JM,2024-08-26 19:56:30
265,gizo,-8.103,156.8419,26.49,79,100,6.87,SB,2024-08-26 19:56:32
266,ngorongoro,-3.2397,35.4875,12.96,66,70,1.54,TZ,2024-08-26 19:56:33
267,paradip garh,20.3167,86.6167,27.41,84,100,3.71,IN,2024-08-26 19:56:35
268,dalbandin,28.8947,64.4101,32.75,11,0,2.56,PK,2024-08-26 19:56:36
269,lycksele,64.5954,18.6735,9.93,93,75,1.54,SE,2024-08-26 19:56:38
270,san jeronimo de juarez,17.1333,-100.4667,31.09,69,99,3.52,MX,2024-08-26 19:56:39
271,amungan,15.3652,119.9582,27.27,80,100,2.47,PH,2024-08-26 19:56:40
272,porto novo,6.4965,2.6036,24.9,87,100,4.15,BJ,2024-08-26 19:56:42
273,sarkand,45.41,79.9186,15.39,39,13,1.74,KZ,2024-08-26 19:56:43
274,nadi,-17.8,177.4167,19.0,88,20,2.06,FJ,2024-08-26 19:56:45
275,badger,64.8,-147.5333,12.77,78,20,2.57,US,2024-08-26 19:56:46
276,golfito,8.639,-83.166,25.29,85,99,1.35,CR,2024-08-26 19:56:47
277,shindand,33.3029,62.1474,27.5,16,0,8.45,AF,2024-08-26 19:56:49
278,paracuru,-3.41,-39.0306,26.32,73,60,6.53,BR,2024-08-26 19:56:50
279,luena,-11.7833,19.9167,16.96,24,4,1.83,AO,2024-08-26 19:56:52
280,shar,49.5886,81.0453,14.36,53,7,2.55,KZ,2024-08-26 19:56:53
281,almodovar,37.4959,-8.0937,23.13,53,97,2.39,PT,2024-08-26 19:56:54
282,praia da vitoria,38.7333,-27.0667,28.14,69,20,3.8,PT,2024-08-26 19:56:56
283,ghadamis,30.1337,9.5007,35.21,19,95,4.28,LY,2024-08-26 19:56:57
284,sainyabuli,19.25,101.75,23.08,100,100,0.38,LA,2024-08-26 19:56:59
285,guaruja,-23.9931,-46.2564,15.92,26,75,3.09,BR,2024-08-26 19:52:53
286,illizi,26.4833,8.4667,32.85,17,0,2.52,DZ,2024-08-26 19:57:01
287,cill airne,52.05,-9.5167,16.05,99,100,3.28,IE,2024-08-26 19:57:03
288,sayansk,54.1088,102.1648,13.06,76,100,0.98,RU,2024-08-26 19:57:04
289,malango,-2.9627,119.9001,18.22,99,100,1.0,ID,2024-08-26 19:57:06
290,covington,39.0837,-84.5086,35.94,41,20,2.57,US,2024-08-26 19:57:07
291,barakani,-12.1356,44.4317,25.0,79,41,1.94,KM,2024-08-26 19:57:09
292,oruro,-17.9833,-67.15,20.27,18,20,3.09,BO,2024-08-26 19:57:10
293,selfoss,63.9331,-20.9971,10.02,83,94,2.67,IS,2024-08-26 19:57:11
294,tsiombe,-25.3,45.4833,19.95,67,0,1.56,MG,2024-08-26 19:57:13
295,utrik,11.2278,169.8474,28.87,71,90,8.52,MH,2024-08-26 19:57:14
296,kerikeri,-35.2268,173.9474,14.95,91,100,4.02,NZ,2024-08-26 19:57:16
297,nyaunglebin,17.95,96.7333,24.31,95,100,1.28,MM,2024-08-26 19:57:17
298,zurrieq,35.8311,14.4742,26.73,74,0,2.57,MT,2024-08-26 19:57:19
299,lucas,41.6501,-83.6666,33.98,40,0,4.12,US,2024-08-26 19:57:21
300,phang nga,8.4509,98.5298,23.41,97,64,1.49,TH,2024-08-26 19:57:22
301,daru,-9.0763,143.2092,25.24,79,100,6.06,PG,2024-08-26 19:57:24
302,reftinskiy,57.0901,61.6769,13.03,77,52,1.95,RU,2024-08-26 19:57:25
303,trairi,-3.2778,-39.2689,26.17,73,53,6.06,BR,2024-08-26 19:56:29
304,brisas de zicatela,15.8369,-97.0419,30.64,68,100,3.04,MX,2024-08-26 19:57:28
305,calvinia,-31.4707,19.776,10.19,81,100,8.36,ZA,2024-08-26 19:57:29
306,kirov,58.5966,49.6601,15.58,70,55,1.8,RU,2024-08-26 19:55:48
307,sultanah,24.4926,39.5857,34.25,38,20,2.57,SA,2024-08-26 19:57:32
308,hammerfest,70.6634,23.6821,15.25,58,100,6.17,NO,2024-08-26 19:57:34
309,salavan,15.7167,106.4167,22.61,97,55,1.25,LA,2024-08-26 19:57:35
310,phalodi,27.1333,72.3667,28.12,76,100,7.99,IN,2024-08-26 19:57:37
311,chinchilla,-26.75,150.6333,13.9,93,2,3.22,AU,2024-08-26 19:57:39
312,howrah,22.5892,88.3103,27.0,94,100,3.09,IN,2024-08-26 19:57:40
313,doka,13.5167,35.7667,20.55,96,100,4.47,SD,2024-08-26 19:57:42
314,pisco,-13.7,-76.2167,21.03,64,0,8.23,PE,2024-08-26 19:57:43
315,pioner,55.3166,85.9508,11.69,100,0,4.0,RU,2024-08-26 19:57:45
316,sisimiut,66.9395,-53.6735,4.63,97,100,2.58,GL,2024-08-26 19:55:51
317,santa ana,33.7456,-117.8678,32.59,41,20,4.12,US,2024-08-26 19:53:45
318,bilibino,68.0546,166.4372,9.02,60,90,1.25,RU,2024-08-26 19:57:49
319,nouadhibou,20.931,-17.0347,24.34,87,100,4.32,MR,2024-08-26 19:57:50
320,abepura,-2.6333,140.5833,24.45,94,40,1.03,ID,2024-08-26 19:57:52
321,sault ste. marie,46.5168,-84.3333,30.9,58,100,3.6,CA,2024-08-26 19:53:38
322,vershino-darasunskiy,52.35,115.5167,11.32,66,100,1.22,RU,2024-08-26 19:57:54
323,touggourt,33.1053,6.058,37.06,22,0,2.57,DZ,2024-08-26 19:57:56
324,kismayo,-0.3582,42.5454,25.45,80,100,5.62,SO,2024-08-26 19:57:57
325,ola,59.5833,151.2833,11.16,89,100,4.24,RU,2024-08-26 19:57:59
326,salinopolis,-0.6136,-47.3561,27.96,75,71,3.69,BR,2024-08-26 19:58:00
327,gorokhovets,56.1947,42.7003,18.61,79,5,1.45,RU,2024-08-26 19:58:02
328,elliot lake,46.3834,-82.6331,27.53,57,17,3.43,CA,2024-08-26 19:58:03
329,borgarnes,64.5383,-21.9206,9.88,78,100,1.26,IS,2024-08-26 19:58:04
330,vorgashor,67.5833,63.95,11.46,86,99,4.08,RU,2024-08-26 19:58:06
331,hasaki,35.7333,140.8333,26.64,86,42,7.26,JP,2024-08-26 19:58:07
332,sredniy,52.89,103.5,14.94,92,100,1.29,RU,2024-08-26 19:58:09
333,taixing,32.1667,120.0136,26.89,89,100,3.33,CN,2024-08-26 19:58:10
334,lata,40.1629,-8.3327,16.26,60,83,1.18,PT,2024-08-26 19:58:11
335,wotho,10.1657,166.0102,28.36,80,97,7.7,MH,2024-08-26 19:58:13
336,independence,39.0911,-94.4155,39.88,39,0,2.57,US,2024-08-26 19:58:14
337,iuna,-20.3458,-41.5358,15.19,90,96,2.6,BR,2024-08-26 19:58:16
338,nogliki,51.8333,143.1667,13.33,95,82,2.76,RU,2024-08-26 19:58:17
339,birao,10.2849,22.7882,22.76,94,96,1.53,CF,2024-08-26 19:58:19
340,st. john's,47.5649,-52.7093,26.66,51,100,6.17,CA,2024-08-26 19:58:20
341,pochinki,54.6988,44.8668,18.56,72,3,1.94,RU,2024-08-26 19:58:22
342,santiago de cao,-7.9589,-79.2392,18.07,88,100,4.63,PE,2024-08-26 19:58:23
343,al kharijah,25.4514,30.5464,35.06,22,41,1.85,EG,2024-08-26 19:58:24
344,lesnoy,57.6198,63.0784,13.4,77,87,1.94,RU,2024-08-26 19:58:26
345,tromso,69.6496,18.957,12.01,76,75,8.75,NO,2024-08-26 19:58:27
346,shevchenko,48.5,35.0,27.68,28,12,4.02,UA,2024-08-26 19:56:18
347,buala,-8.145,159.5921,24.7,93,100,3.15,SB,2024-08-26 19:58:30
348,iquique,-20.2208,-70.1431,16.83,77,27,3.03,CL,2024-08-26 19:58:31
349,cadale,2.7603,46.3222,25.7,83,5,7.97,SO,2024-08-26 19:58:33
350,san patricio,28.017,-97.5169,32.37,45,100,5.87,US,2024-08-26 19:58:34
351,kununurra,-15.7667,128.7333,18.99,94,12,0.0,AU,2024-08-26 19:58:36
352,suchindram,8.15,77.4833,25.94,84,100,5.09,IN,2024-08-26 19:58:37
353,gaiman,-43.2897,-65.4929,17.11,28,83,6.71,AR,2024-08-26 19:58:39
354,palikir - national government center,6.9248,158.1611,28.69,72,73,3.02,FM,2024-08-26 19:58:40
355,zheleznodorozhnyy,55.7503,38.0042,19.75,60,0,1.5,RU,2024-08-26 19:58:41
356,kyshtovka,56.555,76.6271,11.53,94,88,2.76,RU,2024-08-26 19:58:43
357,ratzeburg,53.7,10.7667,16.94,68,0,1.03,DE,2024-08-26 19:58:44
358,stornoway,58.2093,-6.3865,12.98,87,100,6.17,GB,2024-08-26 19:58:46
359,waingapu,-9.6567,120.2641,23.43,68,100,1.98,ID,2024-08-26 19:58:47
360,fortuna,40.5982,-124.1573,21.51,76,0,4.63,US,2024-08-26 19:58:49
361,tvoroyri,61.5556,-6.8111,11.07,78,100,5.04,FO,2024-08-26 19:58:50
362,chulym,55.0997,80.9572,12.29,98,100,3.19,RU,2024-08-26 19:58:51
363,maceio,-9.6658,-35.7353,26.69,69,20,5.66,BR,2024-08-26 19:54:05
364,ihosy,-22.4,46.1167,14.22,94,36,3.03,MG,2024-08-26 19:58:54
365,kalabo,-14.97,22.6814,19.26,17,9,2.22,ZM,2024-08-26 19:58:55
366,kabompo,-13.5927,24.2008,17.61,22,2,2.62,ZM,2024-08-26 19:58:57
367,nelson bay,-32.7167,152.15,13.33,78,0,3.13,AU,2024-08-26 19:58:58
368,pandan,14.0453,124.1694,27.4,82,100,2.64,PH,2024-08-26 19:59:00
369,diego de almagro,-26.3667,-70.05,24.76,17,0,4.25,CL,2024-08-26 19:59:01
370,usogorsk,63.4106,48.6872,18.11,92,99,1.76,RU,2024-08-26 19:59:03
371,chonchi,-42.6128,-73.8092,10.07,59,54,2.68,CL,2024-08-26 19:59:04
372,tocopilla,-22.092,-70.1979,18.46,71,20,4.71,CL,2024-08-26 19:48:33
373,portland,45.5234,-122.6762,27.87,49,11,1.34,US,2024-08-26 19:58:40
374,gogrial,8.5332,28.1004,22.28,96,99,1.97,SS,2024-08-26 19:59:09
375,buka,40.8108,69.1986,18.87,24,0,1.73,UZ,2024-08-26 19:59:10
376,kijang,35.2442,129.2139,24.85,87,98,2.35,KR,2024-08-26 19:59:11
377,qurayyat,31.3318,37.3428,31.1,16,40,4.12,SA,2024-08-26 19:59:13
378,ndjole,-0.1783,10.7649,26.51,70,46,3.21,GA,2024-08-26 19:59:15
379,newman,37.3138,-121.0208,32.25,15,6,1.02,US,2024-08-26 19:59:16
380,susanville,40.4163,-120.653,23.23,30,4,2.24,US,2024-08-26 19:59:18
381,gazli,40.1333,63.45,25.86,17,4,6.54,UZ,2024-08-26 19:59:19
382,aransas pass,27.9095,-97.15,30.0,74,0,6.69,US,2024-08-26 19:59:21
383,gadzhiyevo,69.2551,33.3362,14.9,56,99,11.0,RU,2024-08-26 19:59:22
384,celestun,20.8667,-90.4,30.58,65,43,5.33,MX,2024-08-26 19:59:24
385,buritizeiro,-17.3511,-44.9622,32.4,23,0,0.69,BR,2024-08-26 19:59:25
386,palafrugell,41.9174,3.1631,24.08,47,51,2.85,ES,2024-08-26 19:58:23
387,ar rutbah,33.0381,40.2848,32.22,21,6,3.54,IQ,2024-08-26 19:59:28
388,cheremkhovo,53.1561,103.0675,14.12,90,100,0.65,RU,2024-08-26 19:59:30
389,puerto baquerizo moreno,-0.9,-89.6,23.55,69,75,7.2,EC,2024-08-26 19:59:31
390,fort st. john,56.2499,-120.8529,19.94,60,75,4.12,CA,2024-08-26 19:55:51
391,safi,32.1667,-8.8333,23.9,47,0,3.67,MA,2024-08-26 19:59:34
392,hilo,19.7297,-155.09,25.53,96,100,2.57,US,2024-08-26 19:59:35
393,nova sintra,14.8667,-24.7167,26.26,71,18,1.48,CV,2024-08-26 19:59:37
394,cabo san lucas,22.8909,-109.9124,30.59,54,42,4.2,MX,2024-08-26 19:59:38
395,ciudad acuna,29.3232,-100.9522,35.73,36,40,2.68,MX,2024-08-26 19:59:40
396,imuris,30.7833,-110.8667,34.23,29,18,0.96,MX,2024-08-26 19:59:41
397,khovd,48.0056,91.6419,16.51,41,4,1.68,MN,2024-08-26 19:59:44
398,tarauaca,-8.1614,-70.7656,33.01,26,0,1.72,BR,2024-08-26 19:59:45
399,fale old settlement,-9.3852,-171.2468,28.19,73,96,5.96,TK,2024-08-26 19:59:47
400,carbonear,47.7332,-53.2148,24.1,65,100,3.83,CA,2024-08-26 19:59:48
401,calatagan,13.8833,120.65,27.08,84,100,4.57,PH,2024-08-26 19:59:50
402,lamu,-2.2717,40.902,24.67,85,60,5.35,KE,2024-08-26 19:59:51
403,woolgoolga,-30.1106,153.2007,14.47,89,0,2.29,AU,2024-08-26 19:59:53
404,gryfice,53.9165,15.2003,18.35,48,97,2.45,PL,2024-08-26 19:59:28
405,suoyarvi,62.0833,32.35,11.92,84,83,3.04,RU,2024-08-26 19:59:55
406,san matias,-16.3667,-58.4,29.13,19,0,2.02,BO,2024-08-26 19:59:57
407,puro,12.4841,123.3827,27.39,84,100,4.96,PH,2024-08-26 19:59:58
408,cabinda,-5.55,12.2,23.08,83,75,3.09,AO,2024-08-26 20:00:00
409,miyaly,48.8844,53.7836,24.66,45,7,6.73,KZ,2024-08-26 20:00:01
410,tura,25.5198,90.2201,24.08,92,100,2.5,IN,2024-08-26 20:00:03
411,al hufuf,25.3646,49.5653,37.19,44,0,0.0,SA,2024-08-26 20:00:04
412,chokwe,-24.5333,32.9833,22.81,35,0,3.07,MZ,2024-08-26 20:00:05
413,catriel,-37.8791,-67.7956,18.81,24,0,2.4,AR,2024-08-26 20:00:02
414,vilhena,-12.7406,-60.1458,29.12,32,100,3.09,BR,2024-08-26 20:00:08
415,sogod,10.3847,124.9814,25.53,90,76,0.34,PH,2024-08-26 20:00:10
416,greenland,43.0362,-70.8328,25.02,79,75,3.6,US,2024-08-26 20:00:11
417,tommot,58.9564,126.2925,11.42,92,100,1.49,RU,2024-08-26 20:00:12
418,baikonur,45.6167,63.3167,23.65,37,11,4.03,KZ,2024-08-26 20:00:14
419,robertson,36.5167,-86.8667,36.4,29,0,2.06,US,2024-08-26 20:00:15
420,mercedes,-34.6515,-59.4307,15.53,49,2,2.91,AR,2024-08-26 19:57:57
421,baruun-urt,46.6806,113.2792,16.43,59,0,2.76,MN,2024-08-26 20:00:18
422,darwin,-12.4611,130.8418,22.99,88,2,1.79,AU,2024-08-26 20:00:20
423,fort bragg,35.139,-79.006,31.57,50,2,1.34,US,2024-08-26 20:00:22
424,oeiras do para,-2.0031,-49.8544,29.54,53,100,1.4,BR,2024-08-26 20:00:23
425,mitu,1.1983,-70.1733,26.61,87,11,0.7,CO,2024-08-26 19:58:00
426,livingston,55.9029,-3.5226,14.21,83,40,3.09,GB,2024-08-26 20:00:26
427,inhambane,-23.865,35.3833,22.99,88,0,4.63,MZ,2024-08-26 20:00:27
428,khilok,51.3674,110.4676,13.37,92,46,0.69,RU,2024-08-26 20:00:29
429,boysun,38.2061,67.1986,21.23,23,0,2.14,UZ,2024-08-26 20:00:30
430,aixe-sur-vienne,45.7986,1.1388,20.21,52,0,3.09,FR,2024-08-26 20:00:31
431,duyun,26.2667,107.5167,21.83,95,99,1.72,CN,2024-08-26 20:00:33
432,nalut,30.3333,10.85,31.68,21,3,3.88,LY,2024-08-26 20:00:34
433,san lorenzo cacaotepec,17.1333,-96.8,24.24,60,92,1.23,MX,2024-08-26 20:00:36
434,turpan,42.9333,89.1667,32.79,25,0,2.51,CN,2024-08-26 20:00:37
435,la ronge,55.1001,-105.2842,18.12,42,0,2.06,CA,2024-08-26 20:00:39
436,hola,51.5377,23.1902,21.21,63,14,3.6,PL,2024-08-26 20:00:40
437,angra do heroismo,38.65,-27.2167,28.34,69,20,4.72,PT,2024-08-26 20:00:42
438,korsholm,63.1142,21.6822,17.16,73,75,9.39,FI,2024-08-26 20:00:43
439,alcudia,39.8532,3.1214,24.27,65,0,2.52,ES,2024-08-26 20:00:44
440,kyren,51.6828,102.1408,15.6,97,99,1.11,RU,2024-08-26 20:00:46
441,bakchar,57.0186,82.0711,10.61,99,93,2.04,RU,2024-08-26 20:00:47
442,pemangkat,1.1667,108.9667,25.65,88,100,3.27,ID,2024-08-26 20:00:49
443,ryotsu-minato,38.0833,138.4333,25.12,85,100,2.82,JP,2024-08-26 20:00:50
444,i-n-salah,27.1935,2.4607,37.07,15,1,1.7,DZ,2024-08-26 20:00:52
445,kotzting,49.1769,12.8556,18.57,71,100,1.79,DE,2024-08-26 20:00:53
446,yevpatoriya,45.1972,33.3558,23.26,40,0,3.98,UA,2024-08-26 20:00:55
447,rio tuba,8.5061,117.4317,26.58,86,82,3.89,PH,2024-08-26 20:00:56
448,bairnsdale,-37.8333,147.6167,7.81,88,100,2.76,AU,2024-08-26 20:00:57
449,kotlas,61.2611,46.6556,16.98,77,6,2.2,RU,2024-08-26 20:00:59
450,verkhnevilyuysk,63.4453,120.3167,10.53,74,98,1.34,RU,2024-08-26 20:01:00
451,umarizal,-5.9906,-37.8144,33.54,27,100,2.33,BR,2024-08-26 20:01:02
452,inirida,3.8653,-67.9239,31.28,64,100,0.72,CO,2024-08-26 20:01:03
453,smithers,54.7804,-127.1743,14.18,77,100,2.06,CA,2024-08-26 20:01:05
454,kuruman,-27.4524,23.4325,14.0,24,8,2.25,ZA,2024-08-26 20:00:30
455,bonthe,7.5264,-12.505,25.45,86,93,4.17,SL,2024-08-26 20:01:08
456,azemmour,33.2895,-8.3425,21.19,82,0,3.4,MA,2024-08-26 20:01:09
457,dudinka,69.4058,86.1778,13.04,81,100,0.96,RU,2024-08-26 20:00:31
458,bonny,4.4522,7.1681,24.86,90,100,5.24,NG,2024-08-26 20:01:12
459,tirmiz,37.2242,67.2783,24.05,35,0,2.06,UZ,2024-08-26 20:01:13
460,tweed heads,-28.1817,153.547,17.88,100,38,0.0,AU,2024-08-26 20:01:15
461,amahai,-3.3333,128.9167,24.65,88,43,1.11,ID,2024-08-26 20:01:16
462,melfort,52.8667,-104.6177,21.07,35,0,3.6,CA,2024-08-26 20:01:18
463,mamuju,-2.6748,118.8885,24.95,91,79,1.8,ID,2024-08-26 20:01:19
464,marrakesh,31.6315,-8.0083,32.97,37,0,4.63,MA,2024-08-26 20:01:21
465,ust'-ilimsk,58.0006,102.6619,12.31,90,100,4.49,RU,2024-08-26 20:01:22
466,chibougamau,49.9168,-74.3659,25.79,53,20,3.09,CA,2024-08-26 20:01:24
467,kilmore,-37.3,144.95,10.39,84,87,4.16,AU,2024-08-26 20:01:27
468,cuamba,-14.8031,36.5372,22.74,49,82,1.25,MZ,2024-08-26 20:01:29
469,puerto rico,-26.796,-55.024,18.42,46,0,1.05,AR,2024-08-26 20:01:31
470,steinau an der strasse,50.314,9.4634,15.1,66,0,0.81,DE,2024-08-26 20:01:32
471,mahina,-17.5065,-149.489,24.87,61,40,2.06,PF,2024-08-26 20:01:34
472,cruz del eje,-30.7264,-64.8039,20.13,23,3,6.31,AR,2024-08-26 20:01:37
473,rockingham,42.9668,-71.0995,23.56,82,86,0.45,US,2024-08-26 20:01:39
474,bardai,11.65,7.2333,21.1,95,100,2.94,NG,2024-08-26 20:01:41
475,itamaraju,-17.0392,-39.5311,25.31,54,4,3.78,BR,2024-08-26 20:00:38
476,cuttack,20.465,85.8793,26.1,84,100,2.35,IN,2024-08-26 19:59:35
477,la rioja,42.25,-2.5,18.88,64,0,0.24,ES,2024-08-26 20:01:45
478,banda aceh,5.5577,95.3222,25.4,81,100,5.22,ID,2024-08-26 20:01:47
479,saint-pierre,-21.3393,55.4781,18.82,63,0,3.09,RE,2024-08-26 20:01:48
480,fort-shevchenko,44.5086,50.263,25.12,56,89,6.65,KZ,2024-08-26 20:01:49
481,malpe,13.35,74.7167,25.88,90,85,4.77,IN,2024-08-26 20:01:51
482,tekkali,18.6167,84.2333,26.88,80,96,2.14,IN,2024-08-26 20:01:52
483,cradock,-32.1642,25.6192,15.84,21,2,5.23,ZA,2024-08-26 20:01:54
484,xiva,41.3783,60.3639,24.94,19,7,4.63,UZ,2024-08-26 20:01:55
485,coquimbo,-29.9533,-71.3436,16.85,56,0,6.17,CL,2024-08-26 20:00:12
486,east stroudsburg,40.9995,-75.1813,31.15,56,51,2.47,US,2024-08-26 19:58:58
487,ovalle,-30.5983,-71.2003,22.47,26,0,2.35,CL,2024-08-26 19:58:06
488,buerarema,-14.9594,-39.2997,23.63,66,64,2.36,BR,2024-08-26 20:02:01
489,collie,-33.3667,116.15,15.17,89,100,7.26,AU,2024-08-26 20:02:03
490,anzio,41.4853,12.6179,27.47,72,76,4.75,IT,2024-08-26 20:02:04
491,lashio,22.9333,97.75,20.59,99,100,0.35,MM,2024-08-26 20:01:32
492,guatrache,-37.6678,-63.5302,15.85,37,98,6.44,AR,2024-08-26 20:02:07
493,salamanca,40.8333,-6.0,23.09,29,100,2.81,ES,2024-08-26 20:02:08
494,dahab,28.501,34.5134,32.47,42,1,0.53,EG,2024-08-26 20:01:06
495,prince rupert,54.3161,-130.3201,12.05,100,100,3.6,CA,2024-08-26 20:02:11
496,kuanda,56.3161,116.0806,14.01,64,100,1.11,RU,2024-08-26 20:02:13
497,bestobe,52.4994,73.0975,12.5,82,35,2.31,KZ,2024-08-26 20:02:14
498,el calafate,-50.3408,-72.2768,4.99,67,8,3.36,AR,2024-08-26 20:02:15
499,kenora,49.8167,-94.4337,24.54,50,40,3.6,CA,2024-08-26 20:02:17
500,rafsanjan,30.4067,55.9939,28.89,14,0,2.95,IR,2024-08-26 20:02:18
501,maseru,-29.3167,27.4833,10.93,18,0,1.19,LS,2024-08-26 20:02:20
502,wanning,18.8003,110.3967,26.68,87,60,2.81,CN,2024-08-26 20:02:22
503,xique xique,-10.8217,-42.7311,30.11,37,6,1.12,BR,2024-08-26 20:02:23
504,bomdila,27.25,92.4,9.5,93,62,2.56,IN,2024-08-26 20:02:25
505,tezu,27.9167,96.1667,25.2,90,41,1.62,IN,2024-08-26 20:02:27
506,axim,4.8699,-2.2405,23.83,93,98,3.43,GH,2024-08-26 20:02:28
507,mount pearl,47.5166,-52.7813,26.19,55,100,6.17,CA,2024-08-26 20:00:11
508,severo-yeniseyskiy,60.3725,93.0408,11.4,99,100,3.78,RU,2024-08-26 20:02:31
509,wusong,30.95,117.7833,28.12,77,100,2.23,CN,2024-08-26 20:02:32
510,siwa oasis,29.2041,25.5195,32.74,26,1,2.06,EG,2024-08-26 20:02:34
511,kigoma,-4.8769,29.6267,23.33,73,0,1.03,TZ,2024-08-26 20:02:35
512,king's lynn,52.7517,0.3952,17.23,73,79,3.47,GB,2024-08-26 20:02:36
513,nowy targ,49.4778,20.0323,15.94,79,38,0.58,PL,2024-08-26 20:02:38
514,san luis,-33.295,-66.3356,17.6,23,0,1.69,AR,2024-08-26 20:02:39
515,guerrero negro,27.9769,-114.0611,26.74,50,0,6.73,MX,2024-08-26 20:01:02
516,sanming,26.2486,117.6186,24.16,91,0,1.31,CN,2024-08-26 20:02:42
517,pekan,3.4836,103.3996,24.22,94,81,2.31,MY,2024-08-26 20:02:43
518,san juan de miraflores,-12.1629,-76.9635,17.29,79,73,4.97,PE,2024-08-26 20:02:45
519,cabedelo,-6.9811,-34.8339,28.37,74,14,6.75,BR,2024-08-26 20:02:47
520,isangel,-19.55,169.2667,22.52,78,40,4.94,VU,2024-08-26 20:02:48
521,khandyga,62.6667,135.6,8.66,99,50,1.48,RU,2024-08-26 20:02:49
522,sidareja,-7.4846,108.7923,20.86,98,69,0.87,ID,2024-08-26 20:02:51
523,sao paulo de olivenca,-3.3783,-68.8725,32.02,44,81,1.3,BR,2024-08-26 20:02:52
524,hotan,37.0997,79.9269,29.23,24,98,2.55,CN,2024-08-26 20:02:54
525,aldama,22.9167,-98.0667,31.55,45,24,3.26,MX,2024-08-26 20:02:55
526,erbach,49.6561,8.9964,16.38,71,0,0.88,DE,2024-08-26 20:02:56
527,hun,29.1268,15.9477,31.04,23,0,3.65,LY,2024-08-26 20:02:58
528,kibre mengist,5.8833,38.9833,15.57,82,69,0.66,ET,2024-08-26 20:02:59
529,mormugao,15.4,73.8,27.03,85,100,9.52,IN,2024-08-26 20:03:01
530,howard springs,-12.497,131.047,22.95,94,19,2.06,AU,2024-08-26 20:03:02
531,lincoln city,44.9582,-124.0179,22.42,73,8,2.68,US,2024-08-26 20:03:03
532,ouesso,1.6136,16.0517,26.99,52,70,0.92,CG,2024-08-26 20:03:05
533,quesnel,52.9999,-122.5029,21.28,52,100,5.14,CA,2024-08-26 20:01:53
534,vernon,50.2581,-119.2691,20.74,52,84,1.03,CA,2024-08-26 20:00:55
535,kodinsk,58.6881,99.1844,12.67,94,100,4.71,RU,2024-08-26 20:03:09
536,okhotsk,59.3833,143.3,13.67,94,100,2.02,RU,2024-08-26 20:03:10
537,mantua,45.1667,10.7833,26.66,70,41,1.25,IT,2024-08-26 20:03:12
538,olinda,-8.0089,-34.8553,26.85,65,40,7.2,BR,2024-08-26 20:00:05
539,sikka,22.4333,69.8333,25.31,95,100,12.92,IN,2024-08-26 20:03:15
540,houlton,46.1262,-67.8403,26.23,53,0,0.0,US,2024-08-26 20:03:16
541,antigonish,45.6169,-61.9986,25.1,67,100,0.45,CA,2024-08-26 20:03:18
542,twon-brass,4.3151,6.2418,25.41,88,97,7.12,NG,2024-08-26 20:07:02
543,jiazi,22.8779,116.067,27.23,84,80,3.95,CN,2024-08-26 20:07:04
544,canutama,-6.5339,-64.3831,36.31,24,2,1.43,BR,2024-08-26 20:07:05
545,dawei,14.0833,98.2,24.66,90,100,1.28,MM,2024-08-26 20:07:07
546,wilhelmsburg,48.1057,15.6054,21.03,90,100,1.63,AT,2024-08-26 20:07:08
547,kozhevnikovo,56.2589,83.9714,12.05,98,91,3.7,RU,2024-08-26 20:07:10
548,nadym,65.5333,72.5167,13.3,77,18,2.06,RU,2024-08-26 20:07:11
549,jiayuguan,39.8167,98.3,20.28,36,52,1.84,CN,2024-08-26 20:07:12
550,tadjourah,12.0,42.5,28.42,68,100,3.83,DJ,2024-08-26 20:07:14
551,orenburg,51.7727,55.0988,15.01,80,0,3.53,RU,2024-08-26 20:02:32
552,livno,43.8269,17.0078,18.87,70,100,3.25,BA,2024-08-26 20:07:17
553,igrim,63.1906,64.4162,14.0,82,20,1.9,RU,2024-08-26 20:07:18
554,mingora,34.7758,72.3625,22.78,80,25,1.82,PK,2024-08-26 20:07:20
555,levuka,50.1834,-105.4011,24.47,33,8,2.75,CA,2024-08-26 20:07:23
556,evesham,52.0924,-1.9489,17.55,75,100,3.21,GB,2024-08-26 20:07:25
557,oumache,34.6929,5.6809,33.57,31,90,6.3,DZ,2024-08-26 20:07:26
558,jinghong,21.991,100.7341,21.3,99,100,0.74,CN,2024-08-26 20:07:28
559,porto murtinho,-21.6989,-57.8825,25.2,11,0,2.97,BR,2024-08-26 20:05:53
560,lai chau,22.3997,103.4517,18.27,97,17,1.03,VN,2024-08-26 20:07:31
561,bununu,9.8681,9.6628,21.69,89,92,0.74,NG,2024-08-26 20:07:33
562,teluknaga,-6.0989,106.6381,28.13,83,20,2.06,ID,2024-08-26 20:07:34
563,ponta delgada,37.7333,-25.6667,25.4,78,40,4.63,PT,2024-08-26 20:07:35
564,ouro sogui,15.6,-13.3167,31.82,59,100,6.1,SN,2024-08-26 20:07:37
565,dutsen wai,10.8501,8.199,20.07,98,98,2.36,NG,2024-08-26 20:07:38
566,farah,32.5,62.5,28.26,14,0,2.6,AF,2024-08-26 20:07:40
